"Position","Name","Salary","GameInfo","AvgPointsPerGame","teamAbbrev"
"RB","Le'Veon Bell",9800,"PIT@CLE 01:00PM ET",26.293,"PIT"
"RB","David Johnson",9400,"ARI@DET 01:00PM ET",26.613,"ARI"
"WR","Antonio Brown",8800,"PIT@CLE 01:00PM ET",21.456,"PIT"
"WR","Julio Jones",8500,"ATL@CHI 01:00PM ET",20.094,"ATL"
"WR","Odell Beckham Jr.",8300,"NYG@DAL 08:30PM ET",18.612,"NYG"
"RB","LeSean McCoy",8200,"NYJ@BUF 01:00PM ET",21.287,"BUF"
"RB","Ezekiel Elliott",8100,"NYG@DAL 08:30PM ET",22.731,"DAL"
"WR","A.J. Green",8000,"BAL@CIN 01:00PM ET",19.840,"CIN"
"WR","Mike Evans",7800,"TB@MIA 01:00PM ET",19.756,"TB"
"WR","Brandin Cooks",7700,"KC@NE 08:30PM ET",15.956,"NE"
"QB","Tom Brady",7600,"KC@NE 08:30PM ET",23.086,"NE"
"WR","Jordy Nelson",7600,"SEA@GB 04:25PM ET",18.983,"GB"
"WR","Dez Bryant",7500,"NYG@DAL 08:30PM ET",16.229,"DAL"
"RB","DeMarco Murray",7400,"OAK@TEN 01:00PM ET",19.363,"TEN"
"WR","Michael Thomas",7400,"NO@MIN 07:10PM ET",17.780,"NO"
"QB","Ben Roethlisberger",7300,"PIT@CLE 01:00PM ET",18.980,"PIT"
"WR","Amari Cooper",7200,"OAK@TEN 01:00PM ET",14.547,"OAK"
"QB","Drew Brees",7200,"NO@MIN 07:10PM ET",23.833,"NO"
"QB","Cam Newton",7100,"CAR@SF 04:25PM ET",18.617,"CAR"
"RB","Devonta Freeman",7000,"ATL@CHI 01:00PM ET",18.444,"ATL"
"QB","Aaron Rodgers",7000,"SEA@GB 04:25PM ET",26.073,"GB"
"QB","Matt Ryan",6900,"ATL@CHI 01:00PM ET",24.759,"ATL"
"WR","T.Y. Hilton",6900,"IND@LAR 04:05PM ET",18.238,"IND"
"QB","Russell Wilson",6900,"SEA@GB 04:25PM ET",18.257,"SEA"
"TE","Rob Gronkowski",6800,"KC@NE 08:30PM ET",13.250,"NE"
"QB","Marcus Mariota",6800,"OAK@TEN 01:00PM ET",18.463,"TEN"
"QB","Derek Carr",6700,"OAK@TEN 01:00PM ET",19.299,"OAK"
"WR","Doug Baldwin",6700,"SEA@GB 04:25PM ET",17.372,"SEA"
"QB","Jameis Winston",6600,"TB@MIA 01:00PM ET",18.069,"TB"
"RB","Melvin Gordon",6600,"LAC@DEN 10:20PM ET",20.123,"LAC"
"WR","Golden Tate",6500,"ARI@DET 01:00PM ET",14.035,"DET"
"RB","Jay Ajayi",6500,"TB@MIA 01:00PM ET",14.738,"MIA"
"QB","Andrew Luck",6500,"IND@LAR 04:05PM ET",22.713,"IND"
"QB","Kirk Cousins",6400,"PHI@WAS 01:00PM ET",21.018,"WAS"
"RB","Jordan Howard",6300,"ATL@CHI 01:00PM ET",16.807,"CHI"
"QB","Dak Prescott",6300,"NYG@DAL 08:30PM ET",19.427,"DAL"
"WR","Demaryius Thomas",6300,"LAC@DEN 10:20PM ET",14.644,"DEN"
"QB","Tyrod Taylor",6200,"NYJ@BUF 01:00PM ET",18.795,"BUF"
"WR","Sammy Watkins",6200,"IND@LAR 04:05PM ET",10.750,"LAR"
"TE","Greg Olsen",6200,"CAR@SF 04:25PM ET",13.331,"CAR"
"QB","Matthew Stafford",6100,"ARI@DET 01:00PM ET",18.440,"DET"
"WR","Terrelle Pryor Sr.",6100,"PHI@WAS 01:00PM ET",13.903,"WAS"
"RB","Darren McFadden",6100,"NYG@DAL 08:30PM ET",3.350,"DAL"
"WR","Keenan Allen",6100,"LAC@DEN 10:20PM ET",12.300,"LAC"
"WR","Martavis Bryant",6000,"PIT@CLE 01:00PM ET",0,"PIT"
"QB","Carson Palmer",6000,"ARI@DET 01:00PM ET",18.608,"ARI"
"WR","Michael Crabtree",6000,"OAK@TEN 01:00PM ET",14.918,"OAK"
"RB","Todd Gurley",6000,"IND@LAR 04:05PM ET",12.450,"LAR"
"WR","Stefon Diggs",6000,"NO@MIN 07:10PM ET",15.562,"MIN"
"WR","Larry Fitzgerald",5900,"ARI@DET 01:00PM ET",15.488,"ARI"
"WR","DeAndre Hopkins",5900,"JAX@HOU 01:00PM ET",12.978,"HOU"
"TE","Jordan Reed",5900,"PHI@WAS 01:00PM ET",13.046,"WAS"
"WR","Kelvin Benjamin",5900,"CAR@SF 04:25PM ET",12.569,"CAR"
"QB","Sam Bradford",5900,"NO@MIN 07:10PM ET",15.859,"MIN"
"RB","Dalvin Cook",5900,"NO@MIN 07:10PM ET",0,"MIN"
"RB","Kareem Hunt",5800,"KC@NE 08:30PM ET",0,"KC"
"QB","Jimmy Garoppolo",5800,"KC@NE 08:30PM ET",6.163,"NE"
"WR","Alshon Jeffery",5800,"PHI@WAS 01:00PM ET",12.425,"PHI"
"RB","Ty Montgomery",5800,"SEA@GB 04:25PM ET",10.183,"GB"
"QB","Philip Rivers",5800,"LAC@DEN 10:20PM ET",18.934,"LAC"
"WR","Tyreek Hill",5700,"KC@NE 08:30PM ET",13.324,"KC"
"QB","Andy Dalton",5700,"BAL@CIN 01:00PM ET",17.728,"CIN"
"RB","Leonard Fournette",5700,"JAX@HOU 01:00PM ET",0,"JAX"
"TE","Travis Kelce",5600,"KC@NE 08:30PM ET",14.924,"KC"
"WR","Jamison Crowder",5600,"PHI@WAS 01:00PM ET",12.969,"WAS"
"QB","Eli Manning",5600,"NYG@DAL 08:30PM ET",15.955,"NYG"
"QB","Joe Flacco",5500,"BAL@CIN 01:00PM ET",17.030,"BAL"
"RB","Joe Mixon",5500,"BAL@CIN 01:00PM ET",0,"CIN"
"RB","Derrick Henry",5500,"OAK@TEN 01:00PM ET",6.606,"TEN"
"QB","Derek Anderson",5500,"CAR@SF 04:25PM ET",4.504,"CAR"
"QB","Alex Smith",5400,"KC@NE 08:30PM ET",15.660,"KC"
"RB","Tevin Coleman",5400,"ATL@CHI 01:00PM ET",15.093,"ATL"
"QB","Jay Cutler",5400,"TB@MIA 01:00PM ET",10.752,"MIA"
"WR","Jarvis Landry",5400,"TB@MIA 01:00PM ET",15.853,"MIA"
"RB","Christian McCaffrey",5400,"CAR@SF 04:25PM ET",0,"CAR"
"RB","Isaiah Crowell",5300,"PIT@CLE 01:00PM ET",13.694,"CLE"
"WR","DeVante Parker",5300,"TB@MIA 01:00PM ET",10.619,"MIA"
"RB","Marshawn Lynch",5300,"OAK@TEN 01:00PM ET",0,"OAK"
"QB","Carson Wentz",5300,"PHI@WAS 01:00PM ET",15.186,"PHI"
"WR","Randall Cobb",5300,"SEA@GB 04:25PM ET",13.519,"GB"
"WR","Pierre Garcon",5300,"CAR@SF 04:25PM ET",12.756,"SF"
"RB","Danny Woodhead",5200,"BAL@CIN 01:00PM ET",13.550,"BAL"
"WR","Allen Robinson",5200,"JAX@HOU 01:00PM ET",12.831,"JAX"
"QB","Colt McCoy",5200,"PHI@WAS 01:00PM ET",0.000,"WAS"
"WR","Davante Adams",5200,"SEA@GB 04:25PM ET",16.442,"GB"
"WR","Emmanuel Sanders",5200,"LAC@DEN 10:20PM ET",13.850,"DEN"
"RB","Lamar Miller",5100,"JAX@HOU 01:00PM ET",14.394,"HOU"
"TE","Jimmy Graham",5100,"SEA@GB 04:25PM ET",12.122,"SEA"
"QB","Brian Hoyer",5100,"CAR@SF 04:25PM ET",15.433,"SF"
"WR","Brandon Marshall",5100,"NYG@DAL 08:30PM ET",10.787,"NYG"
"WR","Cameron Meredith",5000,"ATL@CHI 01:00PM ET",13.820,"CHI"
"WR","Jeremy Maclin",5000,"BAL@CIN 01:00PM ET",8.792,"BAL"
"QB","Ryan Tannehill",5000,"TB@MIA 01:00PM ET",16.246,"MIA"
"WR","Eric Decker",5000,"OAK@TEN 01:00PM ET",14.467,"TEN"
"WR","Donte Moncrief",5000,"IND@LAR 04:05PM ET",11.400,"IND"
"RB","Eddie Lacy",5000,"SEA@GB 04:25PM ET",9.160,"SEA"
"RB","Jonathan Stewart",5000,"CAR@SF 04:25PM ET",11.646,"CAR"
"QB","Trevor Siemian",5000,"LAC@DEN 10:20PM ET",15.196,"DEN"
"RB","Bilal Powell",4900,"NYJ@BUF 01:00PM ET",12.750,"NYJ"
"QB","Mike Glennon",4900,"ATL@CHI 01:00PM ET",4.500,"CHI"
"QB","Matt Moore",4900,"TB@MIA 01:00PM ET",10.071,"MIA"
"WR","DeSean Jackson",4900,"TB@MIA 01:00PM ET",12.219,"TB"
"RB","Jacquizz Rodgers",4900,"TB@MIA 01:00PM ET",9.680,"TB"
"WR","Willie Snead",4900,"NO@MIN 07:10PM ET",12.967,"NO"
"WR","Tyrell Williams",4900,"LAC@DEN 10:20PM ET",14.119,"LAC"
"RB","Mike Gillislee",4800,"KC@NE 08:30PM ET",8.380,"NE"
"WR","Chris Hogan",4800,"KC@NE 08:30PM ET",11.259,"NE"
"RB","Matt Forte",4800,"NYJ@BUF 01:00PM ET",13.614,"NYJ"
"WR","Kenny Britt",4800,"PIT@CLE 01:00PM ET",13.547,"CLE"
"QB","Cody Kessler",4800,"PIT@CLE 01:00PM ET",9.222,"CLE"
"QB","DeShone Kizer",4800,"PIT@CLE 01:00PM ET",0,"CLE"
"WR","John Brown",4800,"ARI@DET 01:00PM ET",7.113,"ARI"
"QB","Tom Savage",4800,"JAX@HOU 01:00PM ET",6.213,"HOU"
"QB","Blake Bortles",4800,"JAX@HOU 01:00PM ET",19.256,"JAX"
"QB","Deshaun Watson",4800,"JAX@HOU 01:00PM ET",0,"HOU"
"QB","Ryan Fitzpatrick",4800,"TB@MIA 01:00PM ET",11.029,"TB"
"RB","Doug Martin",4800,"TB@MIA 01:00PM ET",10.813,"TB"
"QB","Jared Goff",4800,"IND@LAR 04:05PM ET",7.770,"LAR"
"RB","Thomas Rawls",4800,"SEA@GB 04:25PM ET",9.827,"SEA"
"QB","Geno Smith",4800,"NYG@DAL 08:30PM ET",4.470,"NYG"
"WR","Adam Thielen",4800,"NO@MIN 07:10PM ET",12.825,"MIN"
"RB","Mark Ingram",4800,"NO@MIN 07:10PM ET",15.825,"NO"
"QB","Patrick Mahomes II",4700,"KC@NE 08:30PM ET",0,"KC"
"QB","AJ McCarron",4700,"BAL@CIN 01:00PM ET",0.000,"CIN"
"RB","Terrance West",4700,"BAL@CIN 01:00PM ET",10.875,"BAL"
"QB","Landry Jones",4700,"PIT@CLE 01:00PM ET",4.490,"PIT"
"RB","Theo Riddick",4700,"ARI@DET 01:00PM ET",16.180,"DET"
"QB","Brett Hundley",4700,"SEA@GB 04:25PM ET",0.176,"GB"
"QB","Colin Kaepernick",4700,"CAR@SF 04:25PM ET",17.787,"SF"
"WR","Cole Beasley",4700,"NYG@DAL 08:30PM ET",11.618,"DAL"
"QB","Case Keenum",4700,"NO@MIN 07:10PM ET",10.512,"MIN"
"TE","Kyle Rudolph",4700,"NO@MIN 07:10PM ET",13.250,"MIN"
"QB","Josh McCown",4600,"NYJ@BUF 01:00PM ET",13.620,"NYJ"
"QB","Mitchell Trubisky",4600,"ATL@CHI 01:00PM ET",0,"CHI"
"TE","Tyler Eifert",4600,"BAL@CIN 01:00PM ET",12.675,"CIN"
"RB","Duke Johnson Jr.",4600,"PIT@CLE 01:00PM ET",9.075,"CLE"
"QB","Nick Foles",4600,"PHI@WAS 01:00PM ET",9.333,"PHI"
"RB","Carlos Hyde",4600,"CAR@SF 04:25PM ET",15.469,"SF"
"QB","Chase Daniel",4600,"NO@MIN 07:10PM ET",0.320,"NO"
"QB","Paxton Lynch",4600,"LAC@DEN 10:20PM ET",9.793,"DEN"
"RB","C.J. Anderson",4600,"LAC@DEN 10:20PM ET",15.071,"DEN"
"QB","Matt Schaub",4500,"ATL@CHI 01:00PM ET",0.088,"ATL"
"WR","Mike Wallace",4500,"BAL@CIN 01:00PM ET",13.050,"BAL"
"QB","Ryan Mallett",4500,"BAL@CIN 01:00PM ET",-0.140,"BAL"
"RB","Giovani Bernard",4500,"BAL@CIN 01:00PM ET",12.630,"CIN"
"QB","Brock Osweiler",4500,"PIT@CLE 01:00PM ET",12.640,"CLE"
"RB","James Conner",4500,"PIT@CLE 01:00PM ET",0,"PIT"
"QB","Blaine Gabbert",4500,"ARI@DET 01:00PM ET",13.283,"ARI"
"QB","Matt Cassel",4500,"OAK@TEN 01:00PM ET",3.532,"TEN"
"QB","Connor Cook",4500,"OAK@TEN 01:00PM ET",3.860,"OAK"
"RB","LeGarrette Blount",4500,"PHI@WAS 01:00PM ET",14.528,"PHI"
"QB","Scott Tolzien",4500,"IND@LAR 04:05PM ET",2.735,"IND"
"QB","Trevone Boykin",4500,"SEA@GB 04:25PM ET",1.483,"SEA"
"RB","Adrian Peterson",4500,"NO@MIN 07:10PM ET",3.333,"NO"
"RB","Rex Burkhead",4400,"KC@NE 08:30PM ET",4.994,"NE"
"WR","Jordan Matthews",4400,"NYJ@BUF 01:00PM ET",12.457,"BUF"
"QB","Christian Hackenberg",4400,"NYJ@BUF 01:00PM ET",0,"NYJ"
"RB","Jeremy Hill",4400,"BAL@CIN 01:00PM ET",12.153,"CIN"
"WR","Corey Coleman",4400,"PIT@CLE 01:00PM ET",9.630,"CLE"
"WR","Tyler Lockett",4400,"SEA@GB 04:25PM ET",8.473,"SEA"
"QB","Kellen Moore",4400,"NYG@DAL 08:30PM ET",0,"DAL"
"RB","Alfred Morris",4400,"NYG@DAL 08:30PM ET",2.886,"DAL"
"QB","Cardale Jones",4400,"LAC@DEN 10:20PM ET",2.740,"LAC"
"WR","Danny Amendola",4300,"KC@NE 08:30PM ET",5.357,"NE"
"QB","Mark Sanchez",4300,"ATL@CHI 01:00PM ET",0.507,"CHI"
"RB","Ameer Abdullah",4300,"ARI@DET 01:00PM ET",13.400,"DET"
"QB","Chad Henne",4300,"JAX@HOU 01:00PM ET",-0.200,"JAX"
"TE","Delanie Walker",4300,"OAK@TEN 01:00PM ET",12.740,"TEN"
"RB","Rob Kelley",4300,"PHI@WAS 01:00PM ET",9.040,"WAS"
"RB","Frank Gore",4300,"IND@LAR 04:05PM ET",13.825,"IND"
"QB","Sean Mannion",4300,"IND@LAR 04:05PM ET",-0.113,"LAR"
"WR","Devin Funchess",4300,"CAR@SF 04:25PM ET",5.740,"CAR"
"RB","Paul Perkins",4300,"NYG@DAL 08:30PM ET",5.900,"NYG"
"QB","T.J. Yates",4200,"NYJ@BUF 01:00PM ET",0.000,"BUF"
"WR","Mohamed Sanu",4200,"ATL@CHI 01:00PM ET",10.061,"ATL"
"WR","Kevin White",4200,"ATL@CHI 01:00PM ET",9.650,"CHI"
"RB","Alfred Blue",4200,"JAX@HOU 01:00PM ET",3.975,"HOU"
"WR","Rishard Matthews",4200,"OAK@TEN 01:00PM ET",13.844,"TEN"
"RB","Samaje Perine",4200,"PHI@WAS 01:00PM ET",0,"WAS"
"RB","Latavius Murray",4200,"NO@MIN 07:10PM ET",15.153,"MIN"
"WR","Ted Ginn Jr.",4200,"NO@MIN 07:10PM ET",10.250,"NO"
"RB","Jamaal Charles",4200,"LAC@DEN 10:20PM ET",4.467,"DEN"
"QB","Drew Stanton",4100,"ARI@DET 01:00PM ET",2.476,"ARI"
"WR","Marvin Jones Jr.",4100,"ARI@DET 01:00PM ET",11.900,"DET"
"RB","D'Onta Foreman",4100,"JAX@HOU 01:00PM ET",0,"HOU"
"RB","Kenyan Drake",4100,"TB@MIA 01:00PM ET",2.912,"MIA"
"RB","DeAndre Washington",4100,"OAK@TEN 01:00PM ET",5.488,"OAK"
"TE","Martellus Bennett",4100,"SEA@GB 04:25PM ET",10.372,"GB"
"RB","C.J. Prosise",4100,"SEA@GB 04:25PM ET",10.167,"SEA"
"RB","Tim Hightower",4100,"CAR@SF 04:25PM ET",8.113,"SF"
"WR","Sterling Shepard",4100,"NYG@DAL 08:30PM ET",11.629,"NYG"
"QB","Tyler Bray",4000,"KC@NE 08:30PM ET",0,"KC"
"QB","Joel Stave",4000,"KC@NE 08:30PM ET",0,"KC"
"RB","Charcandrick West",4000,"KC@NE 08:30PM ET",6.025,"KC"
"QB","Bryce Petty",4000,"NYJ@BUF 01:00PM ET",6.710,"NYJ"
"QB","Nathan Peterman",4000,"NYJ@BUF 01:00PM ET",0,"BUF"
"QB","Keith Wenning",4000,"NYJ@BUF 01:00PM ET",0,"BUF"
"QB","Matt Simms",4000,"ATL@CHI 01:00PM ET",0,"ATL"
"QB","Connor Shaw",4000,"ATL@CHI 01:00PM ET",0,"CHI"
"WR","Taylor Gabriel",4000,"ATL@CHI 01:00PM ET",10.367,"ATL"
"QB","Alek Torgersen",4000,"ATL@CHI 01:00PM ET",0,"ATL"
"QB","Jeff Driskel",4000,"BAL@CIN 01:00PM ET",0,"CIN"
"QB","Josh Woodrum",4000,"BAL@CIN 01:00PM ET",0,"BAL"
"QB","Dustin Vaughan",4000,"BAL@CIN 01:00PM ET",0,"BAL"
"QB","Thad Lewis",4000,"BAL@CIN 01:00PM ET",0,"BAL"
"QB","Robert Griffin III",4000,"PIT@CLE 01:00PM ET",14.088,"CLE"
"WR","Josh Gordon",4000,"PIT@CLE 01:00PM ET",0,"CLE"
"RB","Fitzgerald Toussaint",4000,"PIT@CLE 01:00PM ET",0.672,"PIT"
"WR","Justin Hunter",4000,"PIT@CLE 01:00PM ET",4.069,"PIT"
"QB","Kevin Hogan",4000,"PIT@CLE 01:00PM ET",5.415,"CLE"
"QB","Bart Houston",4000,"PIT@CLE 01:00PM ET",0,"PIT"
"QB","Joshua Dobbs",4000,"PIT@CLE 01:00PM ET",0,"PIT"
"QB","Jake Rudock",4000,"ARI@DET 01:00PM ET",0,"DET"
"QB","Trevor Knight",4000,"ARI@DET 01:00PM ET",0,"ARI"
"QB","Brad Kaaya",4000,"ARI@DET 01:00PM ET",0,"DET"
"QB","Brandon Weeden",4000,"JAX@HOU 01:00PM ET",0,"HOU"
"QB","Brandon Allen",4000,"JAX@HOU 01:00PM ET",0,"JAX"
"QB","Ryan Griffin",4000,"TB@MIA 01:00PM ET",0,"TB"
"QB","David Fales",4000,"TB@MIA 01:00PM ET",0.440,"MIA"
"QB","Brandon Doughty",4000,"TB@MIA 01:00PM ET",0,"MIA"
"QB","Sefo Liufau",4000,"TB@MIA 01:00PM ET",0,"TB"
"QB","EJ Manuel",4000,"OAK@TEN 01:00PM ET",1.206,"OAK"
"QB","Alex Tanney",4000,"OAK@TEN 01:00PM ET",0,"TEN"
"QB","Tyler Ferguson",4000,"OAK@TEN 01:00PM ET",0,"TEN"
"WR","Corey Davis",4000,"OAK@TEN 01:00PM ET",0,"TEN"
"QB","Matt McGloin",4000,"PHI@WAS 01:00PM ET",0.425,"PHI"
"QB","Dane Evans",4000,"PHI@WAS 01:00PM ET",0,"PHI"
"QB","Nate Sudfeld",4000,"PHI@WAS 01:00PM ET",0.000,"WAS"
"QB","Jacoby Brissett",4000,"IND@LAR 04:05PM ET",9.767,"IND"
"QB","Dan Orlovsky",4000,"IND@LAR 04:05PM ET",0,"LAR"
"RB","Robert Turbin",4000,"IND@LAR 04:05PM ET",7.220,"IND"
"QB","Stephen Morris",4000,"IND@LAR 04:05PM ET",0,"IND"
"WR","Robert Woods",4000,"IND@LAR 04:05PM ET",9.377,"LAR"
"QB","Phillip Walker",4000,"IND@LAR 04:05PM ET",0,"IND"
"QB","Austin Davis",4000,"SEA@GB 04:25PM ET",0,"SEA"
"QB","Taysom Hill",4000,"SEA@GB 04:25PM ET",0,"GB"
"QB","Joe Callahan",4000,"SEA@GB 04:25PM ET",0,"GB"
"QB","Joe Webb",4000,"CAR@SF 04:25PM ET",0.093,"CAR"
"QB","Matt Barkley",4000,"CAR@SF 04:25PM ET",13.834,"SF"
"QB","Garrett Gilbert",4000,"CAR@SF 04:25PM ET",0,"CAR"
"QB","C.J. Beathard",4000,"CAR@SF 04:25PM ET",0,"SF"
"QB","Nick Mullens",4000,"CAR@SF 04:25PM ET",0,"SF"
"RB","Joe Williams",4000,"CAR@SF 04:25PM ET",0,"SF"
"QB","Luke McCown",4000,"NYG@DAL 08:30PM ET",0,"DAL"
"QB","Josh Johnson",4000,"NYG@DAL 08:30PM ET",0,"NYG"
"QB","Cooper Rush",4000,"NYG@DAL 08:30PM ET",0,"DAL"
"QB","Davis Webb",4000,"NYG@DAL 08:30PM ET",0,"NYG"
"QB","Mitch Leidner",4000,"NO@MIN 07:10PM ET",0,"MIN"
"QB","Taylor Heinicke",4000,"NO@MIN 07:10PM ET",0.000,"MIN"
"QB","Teddy Bridgewater",4000,"NO@MIN 07:10PM ET",0,"MIN"
"QB","Ryan Nassib",4000,"NO@MIN 07:10PM ET",0,"NO"
"QB","Garrett Grayson",4000,"NO@MIN 07:10PM ET",0,"NO"
"QB","Chad Kelly",4000,"LAC@DEN 10:20PM ET",0,"DEN"
"QB","Kyle Sloter",4000,"LAC@DEN 10:20PM ET",0,"DEN"
"QB","Kellen Clemens",4000,"LAC@DEN 10:20PM ET",-0.008,"LAC"
"QB","Mike Bercovici",4000,"LAC@DEN 10:20PM ET",0,"LAC"
"RB","Branden Oliver",4000,"LAC@DEN 10:20PM ET",0,"LAC"
"RB","James White",3900,"KC@NE 08:30PM ET",9.689,"NE"
"DST","Bills ",3900,"NYJ@BUF 01:00PM ET",6.500,"BUF"
"RB","Jonathan Williams",3900,"NYJ@BUF 01:00PM ET",1.309,"BUF"
"RB","Jeremy Langford",3900,"ATL@CHI 01:00PM ET",6.267,"CHI"
"WR","Eli Rogers",3900,"PIT@CLE 01:00PM ET",9.513,"PIT"
"RB","Chris Johnson",3900,"ARI@DET 01:00PM ET",3.875,"ARI"
"WR","Braxton Miller",3900,"JAX@HOU 01:00PM ET",3.090,"HOU"
"RB","T.J. Yeldon",3900,"JAX@HOU 01:00PM ET",9.247,"JAX"
"RB","Charles Sims",3900,"TB@MIA 01:00PM ET",9.843,"TB"
"RB","Jalen Richard",3900,"OAK@TEN 01:00PM ET",6.976,"OAK"
"RB","Darren Sproles",3900,"PHI@WAS 01:00PM ET",11.033,"PHI"
"RB","Malcolm Brown",3900,"IND@LAR 04:05PM ET",0.656,"LAR"
"RB","Jamaal Williams",3900,"SEA@GB 04:25PM ET",0,"GB"
"TE","Jason Witten",3900,"NYG@DAL 08:30PM ET",10.247,"DAL"
"RB","Rod Smith",3900,"NYG@DAL 08:30PM ET",0.200,"DAL"
"RB","Dion Lewis",3800,"KC@NE 08:30PM ET",9.333,"NE"
"WR","Robby Anderson",3800,"NYJ@BUF 01:00PM ET",7.244,"NYJ"
"WR","Sammie Coates",3800,"PIT@CLE 01:00PM ET",5.076,"CLE"
"RB","Kerwynn Williams",3800,"ARI@DET 01:00PM ET",2.930,"ARI"
"RB","Zach Zenner",3800,"ARI@DET 01:00PM ET",7.253,"DET"
"DST","Texans ",3800,"JAX@HOU 01:00PM ET",6.222,"HOU"
"WR","Marqise Lee",3800,"JAX@HOU 01:00PM ET",11.588,"JAX"
"WR","Will Fuller V",3800,"JAX@HOU 01:00PM ET",9.156,"HOU"
"WR","Kenny Stills",3800,"TB@MIA 01:00PM ET",10.871,"MIA"
"RB","Damien Williams",3800,"TB@MIA 01:00PM ET",6.450,"MIA"
"WR","Nelson Agholor",3800,"PHI@WAS 01:00PM ET",5.860,"PHI"
"RB","Wendell Smallwood",3800,"PHI@WAS 01:00PM ET",4.131,"PHI"
"WR","Tavon Austin",3800,"IND@LAR 04:05PM ET",9.853,"LAR"
"WR","Jeremy Kerley",3800,"CAR@SF 04:25PM ET",9.419,"SF"
"RB","Shane Vereen",3800,"NYG@DAL 08:30PM ET",8.040,"NYG"
"WR","Terrance Williams",3800,"NYG@DAL 08:30PM ET",8.071,"DAL"
"WR","Malcolm Mitchell",3700,"KC@NE 08:30PM ET",6.507,"NE"
"WR","ArDarius Stewart",3700,"NYJ@BUF 01:00PM ET",0,"NYJ"
"WR","Brandon LaFell",3700,"BAL@CIN 01:00PM ET",11.813,"CIN"
"WR","J.J. Nelson",3700,"ARI@DET 01:00PM ET",9.540,"ARI"
"DST","Jaguars ",3700,"JAX@HOU 01:00PM ET",4.500,"JAX"
"RB","Jeremy McNichols",3700,"TB@MIA 01:00PM ET",0,"TB"
"WR","Torrey Smith",3700,"PHI@WAS 01:00PM ET",5.392,"PHI"
"RB","Chris Thompson",3700,"PHI@WAS 01:00PM ET",9.281,"WAS"
"TE","Jack Doyle",3700,"IND@LAR 04:05PM ET",9.150,"IND"
"WR","Cooper Kupp",3700,"IND@LAR 04:05PM ET",0,"LAR"
"WR","Paul Richardson",3700,"SEA@GB 04:25PM ET",4.847,"SEA"
"RB","Aaron Jones",3700,"SEA@GB 04:25PM ET",0,"GB"
"RB","Fozzy Whittaker",3700,"CAR@SF 04:25PM ET",4.756,"CAR"
"WR","Mike Williams",3700,"LAC@DEN 10:20PM ET",0,"LAC"
"RB","Benny Cunningham",3600,"ATL@CHI 01:00PM ET",2.933,"CHI"
"WR","Tyler Boyd",3600,"BAL@CIN 01:00PM ET",7.819,"CIN"
"DST","Steelers ",3600,"PIT@CLE 01:00PM ET",6.579,"PIT"
"WR","JuJu Smith-Schuster",3600,"PIT@CLE 01:00PM ET",0,"PIT"
"TE","Eric Ebron",3600,"ARI@DET 01:00PM ET",10.607,"DET"
"WR","Kenny Golladay",3600,"ARI@DET 01:00PM ET",0,"DET"
"RB","Chris Ivory",3600,"JAX@HOU 01:00PM ET",9.136,"JAX"
"WR","Adam Humphries",3600,"TB@MIA 01:00PM ET",9.067,"TB"
"WR","Taywan Taylor",3600,"OAK@TEN 01:00PM ET",0,"TEN"
"WR","Jeff Janis",3600,"SEA@GB 04:25PM ET",1.900,"GB"
"WR","Curtis Samuel",3600,"CAR@SF 04:25PM ET",0,"CAR"
"RB","De'Angelo Henderson",3600,"LAC@DEN 10:20PM ET",0,"DEN"
"DST","Broncos ",3600,"LAC@DEN 10:20PM ET",9.688,"DEN"
"WR","Anquan Boldin",3500,"NYJ@BUF 01:00PM ET",10.459,"BUF"
"WR","Charone Peake",3500,"NYJ@BUF 01:00PM ET",2.907,"NYJ"
"RB","Elijah McGuire",3500,"NYJ@BUF 01:00PM ET",0,"NYJ"
"WR","Zay Jones",3500,"NYJ@BUF 01:00PM ET",0,"BUF"
"WR","Markus Wheaton",3500,"ATL@CHI 01:00PM ET",4.275,"CHI"
"WR","Breshad Perriman",3500,"BAL@CIN 01:00PM ET",6.319,"BAL"
"WR","Allen Hurns",3500,"JAX@HOU 01:00PM ET",9.155,"JAX"
"WR","Jaelen Strong",3500,"JAX@HOU 01:00PM ET",3.388,"HOU"
"TE","Zach Ertz",3500,"PHI@WAS 01:00PM ET",13.543,"PHI"
"WR","Josh Doctson",3500,"PHI@WAS 01:00PM ET",4.300,"WAS"
"RB","Donnel Pumphrey",3500,"PHI@WAS 01:00PM ET",0,"PHI"
"WR","Kamar Aiken",3500,"IND@LAR 04:05PM ET",4.238,"IND"
"RB","Devante Mays",3500,"SEA@GB 04:25PM ET",0,"GB"
"DST","Panthers ",3500,"CAR@SF 04:25PM ET",8.000,"CAR"
"RB","Wayne Gallman",3500,"NYG@DAL 08:30PM ET",0,"NYG"
"WR","Laquon Treadwell",3500,"NO@MIN 07:10PM ET",0.250,"MIN"
"RB","Alvin Kamara",3500,"NO@MIN 07:10PM ET",0,"NO"
"RB","Devontae Booker",3500,"LAC@DEN 10:20PM ET",9.106,"DEN"
"WR","Dontrelle Inman",3500,"LAC@DEN 10:20PM ET",10.563,"LAC"
"DST","Patriots ",3400,"KC@NE 08:30PM ET",8.333,"NE"
"WR","Jermaine Kearse",3400,"NYJ@BUF 01:00PM ET",5.733,"NYJ"
"RB","Andre Ellington",3400,"ARI@DET 01:00PM ET",1.881,"ARI"
"DST","Buccaneers ",3400,"TB@MIA 01:00PM ET",8.313,"TB"
"WR","Ryan Grant",3400,"PHI@WAS 01:00PM ET",1.038,"WAS"
"RB","Marlon Mack",3400,"IND@LAR 04:05PM ET",0,"IND"
"WR","Travis Benjamin",3400,"LAC@DEN 10:20PM ET",10.100,"LAC"
"TE","Hunter Henry",3400,"LAC@DEN 10:20PM ET",8.175,"LAC"
"WR","Chris Conley",3300,"KC@NE 08:30PM ET",5.935,"KC"
"WR","Phillip Dorsett",3300,"KC@NE 08:30PM ET",6.587,"NE"
"DST","Falcons ",3300,"ATL@CHI 01:00PM ET",7.167,"ATL"
"WR","Victor Cruz",3300,"ATL@CHI 01:00PM ET",6.788,"CHI"
"WR","John Ross",3300,"BAL@CIN 01:00PM ET",0,"CIN"
"WR","Jaron Brown",3300,"ARI@DET 01:00PM ET",5.100,"ARI"
"RB","Dwayne Washington",3300,"ARI@DET 01:00PM ET",3.746,"DET"
"TE","Jared Cook",3300,"OAK@TEN 01:00PM ET",10.123,"OAK"
"WR","Seth Roberts",3300,"OAK@TEN 01:00PM ET",6.635,"OAK"
"WR","Aldrick Robinson",3300,"CAR@SF 04:25PM ET",3.739,"SF"
"WR","Russell Shepard",3300,"CAR@SF 04:25PM ET",5.000,"CAR"
"WR","Roger Lewis",3300,"NYG@DAL 08:30PM ET",2.050,"NYG"
"WR","Brandon Coleman",3300,"NO@MIN 07:10PM ET",4.506,"NO"
"WR","Albert Wilson",3200,"KC@NE 08:30PM ET",5.306,"KC"
"TE","Charles Clay",3200,"NYJ@BUF 01:00PM ET",9.080,"BUF"
"WR","Kendall Wright",3200,"ATL@CHI 01:00PM ET",8.464,"CHI"
"RB","Ryan Mathews",3200,"PHI@WAS 01:00PM ET",11.738,"PHI"
"DST","Rams ",3200,"IND@LAR 04:05PM ET",5.813,"LAR"
"WR","Marquise Goodwin",3200,"CAR@SF 04:25PM ET",6.207,"SF"
"WR","Tavarres King",3200,"NYG@DAL 08:30PM ET",2.913,"NYG"
"RB","Jerick McKinnon",3200,"NO@MIN 07:10PM ET",9.893,"MIN"
"WR","Austin Carr",3100,"KC@NE 08:30PM ET",0,"NE"
"DST","Bengals ",3100,"BAL@CIN 01:00PM ET",6.125,"CIN"
"TE","C.J. Fiedorowicz",3100,"JAX@HOU 01:00PM ET",8.941,"HOU"
"TE","Cameron Brate",3100,"TB@MIA 01:00PM ET",11.400,"TB"
"WR","Tajae Sharpe",3100,"OAK@TEN 01:00PM ET",6.581,"TEN"
"RB","Elijah Hood",3100,"OAK@TEN 01:00PM ET",0,"OAK"
"WR","Brian Quick",3100,"PHI@WAS 01:00PM ET",7.213,"WAS"
"WR","Pharoh Cooper",3100,"IND@LAR 04:05PM ET",2.360,"LAR"
"RB","Orleans Darkwa",3100,"NYG@DAL 08:30PM ET",2.630,"NYG"
"RB","Devine Redding",3000,"KC@NE 08:30PM ET",0,"KC"
"RB","Spencer Ware",3000,"KC@NE 08:30PM ET",14.293,"KC"
"RB","Anthony Sherman",3000,"KC@NE 08:30PM ET",0.376,"KC"
"RB","C.J. Spiller",3000,"KC@NE 08:30PM ET",3.133,"KC"
"WR","De'Anthony Thomas",3000,"KC@NE 08:30PM ET",1.031,"KC"
"WR","Seantavius Jones",3000,"KC@NE 08:30PM ET",0,"KC"
"WR","Tony Stevens",3000,"KC@NE 08:30PM ET",0,"KC"
"WR","Marcus Kemp",3000,"KC@NE 08:30PM ET",0,"KC"
"WR","Robert Wheelwright",3000,"KC@NE 08:30PM ET",0,"KC"
"WR","Tevin Jones",3000,"KC@NE 08:30PM ET",0,"KC"
"WR","Gehrig Dieter",3000,"KC@NE 08:30PM ET",0,"KC"
"WR","Jehu Chesson",3000,"KC@NE 08:30PM ET",0,"KC"
"WR","Demarcus Robinson",3000,"KC@NE 08:30PM ET",0.000,"KC"
"RB","Brandon Bolden",3000,"KC@NE 08:30PM ET",0.244,"NE"
"RB","James Develin",3000,"KC@NE 08:30PM ET",0.450,"NE"
"RB","LeShun Daniels Jr.",3000,"KC@NE 08:30PM ET",0,"NE"
"RB","D.J. Foster",3000,"KC@NE 08:30PM ET",1.200,"NE"
"RB","Glenn Gronkowski",3000,"KC@NE 08:30PM ET",0.000,"NE"
"WR","Julian Edelman",3000,"KC@NE 08:30PM ET",16.278,"NE"
"WR","K.J. Maye",3000,"KC@NE 08:30PM ET",0,"NE"
"WR","Cody Hollister",3000,"KC@NE 08:30PM ET",0,"NE"
"WR","Matthew Slater",3000,"KC@NE 08:30PM ET",-0.033,"NE"
"WR","Tony Washington",3000,"KC@NE 08:30PM ET",0.950,"NE"
"WR","Devin Lucien",3000,"KC@NE 08:30PM ET",0,"NE"
"RB","Mike Tolbert",3000,"NYJ@BUF 01:00PM ET",2.163,"BUF"
"WR","Brandon Tate",3000,"NYJ@BUF 01:00PM ET",1.633,"BUF"
"RB","Taiwan Jones",3000,"NYJ@BUF 01:00PM ET",0.536,"BUF"
"RB","Joe Banyard",3000,"NYJ@BUF 01:00PM ET",0.700,"BUF"
"RB","Patrick DiMarco",3000,"NYJ@BUF 01:00PM ET",1.239,"BUF"
"WR","Frankie Hammond Jr.",3000,"NYJ@BUF 01:00PM ET",0,"NYJ"
"WR","Myles White",3000,"NYJ@BUF 01:00PM ET",0,"NYJ"
"WR","Quincy Enunwa",3000,"NYJ@BUF 01:00PM ET",10.744,"NYJ"
"WR","Rod Streater",3000,"NYJ@BUF 01:00PM ET",3.069,"BUF"
"RB","Marcus Murphy",3000,"NYJ@BUF 01:00PM ET",0.433,"NYJ"
"WR","Walter Powell",3000,"NYJ@BUF 01:00PM ET",3.133,"BUF"
"WR","Kaelin Clay",3000,"NYJ@BUF 01:00PM ET",0,"BUF"
"WR","Andre Holmes",3000,"NYJ@BUF 01:00PM ET",3.506,"BUF"
"RB","Algernon Brown",3000,"NYJ@BUF 01:00PM ET",0,"NYJ"
"WR","Marquess Wilson",3000,"NYJ@BUF 01:00PM ET",11.333,"NYJ"
"WR","Philly Brown",3000,"NYJ@BUF 01:00PM ET",3.763,"BUF"
"WR","Rashad Ross",3000,"NYJ@BUF 01:00PM ET",0.360,"BUF"
"WR","Dezmin Lewis",3000,"NYJ@BUF 01:00PM ET",0.000,"BUF"
"WR","Deshon Foxx",3000,"NYJ@BUF 01:00PM ET",0,"NYJ"
"RB","Romar Morris",3000,"NYJ@BUF 01:00PM ET",0,"NYJ"
"WR","Jeremy Butler",3000,"NYJ@BUF 01:00PM ET",0.775,"BUF"
"WR","Brandon Reilly",3000,"NYJ@BUF 01:00PM ET",0,"BUF"
"WR","Gabe Marks",3000,"NYJ@BUF 01:00PM ET",0,"NYJ"
"WR","Chris Harper",3000,"NYJ@BUF 01:00PM ET",2.922,"NYJ"
"RB","Jordan Johnson",3000,"NYJ@BUF 01:00PM ET",0,"BUF"
"WR","Daikiel Shorts",3000,"NYJ@BUF 01:00PM ET",0,"BUF"
"WR","Jalin Marshall",3000,"NYJ@BUF 01:00PM ET",4.020,"NYJ"
"WR","Lucky Whitehead",3000,"NYJ@BUF 01:00PM ET",0.938,"NYJ"
"RB","Anthony Firkser",3000,"NYJ@BUF 01:00PM ET",0,"NYJ"
"WR","Chad Hansen",3000,"NYJ@BUF 01:00PM ET",0,"NYJ"
"RB","Julian Howsare",3000,"NYJ@BUF 01:00PM ET",0.000,"NYJ"
"RB","Cedric O'Neal",3000,"NYJ@BUF 01:00PM ET",0,"BUF"
"WR","Kenbrell Thompkins",3000,"NYJ@BUF 01:00PM ET",0,"NYJ"
"RB","Jahad Thomas",3000,"NYJ@BUF 01:00PM ET",0,"NYJ"
"WR","Dan Williams",3000,"NYJ@BUF 01:00PM ET",0,"NYJ"
"WR","Andre Roberts",3000,"ATL@CHI 01:00PM ET",2.929,"ATL"
"WR","Deonte Thompson",3000,"ATL@CHI 01:00PM ET",3.806,"CHI"
"RB","Derrick Coleman",3000,"ATL@CHI 01:00PM ET",0,"ATL"
"WR","B.J. Daniels",3000,"ATL@CHI 01:00PM ET",0,"ATL"
"WR","Rueben Randle",3000,"ATL@CHI 01:00PM ET",0,"CHI"
"WR","Nick Williams",3000,"ATL@CHI 01:00PM ET",5.450,"ATL"
"WR","Josh Bellamy",3000,"ATL@CHI 01:00PM ET",3.556,"CHI"
"RB","Michael Burton",3000,"ATL@CHI 01:00PM ET",0.000,"CHI"
"WR","Justin Hardy",3000,"ATL@CHI 01:00PM ET",3.839,"ATL"
"RB","Terron Ward",3000,"ATL@CHI 01:00PM ET",3.440,"ATL"
"WR","Titus Davis",3000,"ATL@CHI 01:00PM ET",0,"CHI"
"RB","Ka'Deem Carey",3000,"ATL@CHI 01:00PM ET",1.777,"CHI"
"WR","Marvin Hall",3000,"ATL@CHI 01:00PM ET",0,"ATL"
"WR","Daniel Braverman",3000,"ATL@CHI 01:00PM ET",0.000,"CHI"
"WR","Alton Howard",3000,"ATL@CHI 01:00PM ET",0,"CHI"
"RB","Josh Rounds",3000,"ATL@CHI 01:00PM ET",0,"CHI"
"WR","Josh Magee",3000,"ATL@CHI 01:00PM ET",0,"ATL"
"WR","Deante Burton",3000,"ATL@CHI 01:00PM ET",0,"ATL"
"WR","Reginald Davis III",3000,"ATL@CHI 01:00PM ET",0,"ATL"
"RB","Kelvin Taylor",3000,"ATL@CHI 01:00PM ET",0,"ATL"
"WR","Bra'Lon Cherry",3000,"ATL@CHI 01:00PM ET",0,"ATL"
"WR","Tanner Gentry",3000,"ATL@CHI 01:00PM ET",0,"CHI"
"RB","Freddie Stevenson",3000,"ATL@CHI 01:00PM ET",0,"CHI"
"WR","Reggie Davis",3000,"ATL@CHI 01:00PM ET",0,"ATL"
"TE","Austin Hooper",3000,"ATL@CHI 01:00PM ET",4.400,"ATL"
"RB","Tyler Renew",3000,"ATL@CHI 01:00PM ET",0,"ATL"
"RB","Tarik Cohen",3000,"ATL@CHI 01:00PM ET",0,"CHI"
"RB","Brian Hill",3000,"ATL@CHI 01:00PM ET",0,"ATL"
"WR","Anthony Dable",3000,"ATL@CHI 01:00PM ET",0,"ATL"
"RB","Jhurell Pressley",3000,"ATL@CHI 01:00PM ET",0,"ATL"
"RB","Cedric Peerman",3000,"BAL@CIN 01:00PM ET",0.250,"CIN"
"RB","Bobby Rainey",3000,"BAL@CIN 01:00PM ET",2.650,"BAL"
"WR","Griff Whalen",3000,"BAL@CIN 01:00PM ET",0.525,"BAL"
"WR","Michael Campanaro",3000,"BAL@CIN 01:00PM ET",2.400,"BAL"
"WR","Chris Matthews",3000,"BAL@CIN 01:00PM ET",0,"BAL"
"WR","Kenny Bell",3000,"BAL@CIN 01:00PM ET",0,"BAL"
"WR","Jake Kumerow",3000,"BAL@CIN 01:00PM ET",0,"CIN"
"RB","Javorius Allen",3000,"BAL@CIN 01:00PM ET",0.988,"BAL"
"WR","Chris Moore",3000,"BAL@CIN 01:00PM ET",0.900,"BAL"
"RB","Tra Carson",3000,"BAL@CIN 01:00PM ET",0,"CIN"
"WR","Alex Erickson",3000,"BAL@CIN 01:00PM ET",0.819,"CIN"
"RB","Kenneth Dixon",3000,"BAL@CIN 01:00PM ET",8.533,"BAL"
"WR","Cody Core",3000,"BAL@CIN 01:00PM ET",4.625,"CIN"
"RB","Ricky Ortiz",3000,"BAL@CIN 01:00PM ET",0,"BAL"
"WR","C.J. Board",3000,"BAL@CIN 01:00PM ET",0,"BAL"
"WR","Keenan Reynolds",3000,"BAL@CIN 01:00PM ET",0,"BAL"
"WR","Alonzo Russell",3000,"BAL@CIN 01:00PM ET",0,"CIN"
"WR","Chris Brown",3000,"BAL@CIN 01:00PM ET",0,"CIN"
"RB","Lorenzo Taliaferro",3000,"BAL@CIN 01:00PM ET",1.333,"BAL"
"RB","Darrin Laufasa",3000,"BAL@CIN 01:00PM ET",0,"CIN"
"WR","Kermit Whitfield",3000,"BAL@CIN 01:00PM ET",0,"CIN"
"RB","Jarveon Williams",3000,"BAL@CIN 01:00PM ET",0,"CIN"
"RB","Taquan Mizzell",3000,"BAL@CIN 01:00PM ET",0,"BAL"
"WR","Quincy Adeboyejo",3000,"BAL@CIN 01:00PM ET",0,"BAL"
"WR","Vince Mayle",3000,"BAL@CIN 01:00PM ET",0.000,"BAL"
"WR","Josh Malone",3000,"BAL@CIN 01:00PM ET",0,"CIN"
"WR","Tim White",3000,"BAL@CIN 01:00PM ET",0,"BAL"
"RB","DeAngelo Williams",3000,"PIT@CLE 01:00PM ET",9.754,"PIT"
"WR","Darrius Heyward-Bey",3000,"PIT@CLE 01:00PM ET",3.100,"PIT"
"WR","Josh Boyce",3000,"PIT@CLE 01:00PM ET",0,"CLE"
"RB","Knile Davis",3000,"PIT@CLE 01:00PM ET",0.936,"PIT"
"WR","Cobi Hamilton",3000,"PIT@CLE 01:00PM ET",4.821,"PIT"
"RB","Roosevelt Nix",3000,"PIT@CLE 01:00PM ET",0.192,"PIT"
"WR","Jordan Leslie",3000,"PIT@CLE 01:00PM ET",0,"CLE"
"RB","Terrence Magee",3000,"PIT@CLE 01:00PM ET",0.600,"CLE"
"RB","Brandon Wilds",3000,"PIT@CLE 01:00PM ET",1.675,"CLE"
"WR","Richard Mullaney",3000,"PIT@CLE 01:00PM ET",0,"CLE"
"WR","Rannell Hall",3000,"PIT@CLE 01:00PM ET",0,"CLE"
"RB","Terrell Watson",3000,"PIT@CLE 01:00PM ET",10.300,"PIT"
"TE","Jesse James",3000,"PIT@CLE 01:00PM ET",6.079,"PIT"
"RB","Trey Williams",3000,"PIT@CLE 01:00PM ET",0,"PIT"
"WR","Jordan Payton",3000,"PIT@CLE 01:00PM ET",0.325,"CLE"
"WR","Justin Thomas",3000,"PIT@CLE 01:00PM ET",0,"PIT"
"RB","Danny Vitale",3000,"PIT@CLE 01:00PM ET",0.744,"CLE"
"WR","Ricardo Louis",3000,"PIT@CLE 01:00PM ET",2.406,"CLE"
"WR","Demarcus Ayers",3000,"PIT@CLE 01:00PM ET",5.450,"PIT"
"WR","Rashard Higgins",3000,"PIT@CLE 01:00PM ET",0.856,"CLE"
"RB","Matthew Dayes",3000,"PIT@CLE 01:00PM ET",0,"CLE"
"WR","Mario Alford",3000,"PIT@CLE 01:00PM ET",0.000,"CLE"
"WR","Rasheed Bailey",3000,"PIT@CLE 01:00PM ET",0,"CLE"
"RB","Brandon Brown-Dukes",3000,"PIT@CLE 01:00PM ET",0,"PIT"
"WR","Marcus Tucker",3000,"PIT@CLE 01:00PM ET",0,"PIT"
"WR","Jeremy Ross",3000,"ARI@DET 01:00PM ET",2.283,"ARI"
"RB","Matt Asiata",3000,"ARI@DET 01:00PM ET",8.344,"DET"
"WR","Keshawn Martin",3000,"ARI@DET 01:00PM ET",-1.000,"DET"
"RB","Mike James",3000,"ARI@DET 01:00PM ET",2.025,"DET"
"WR","Ryan Spadola",3000,"ARI@DET 01:00PM ET",0,"DET"
"WR","Jared Abbrederis",3000,"ARI@DET 01:00PM ET",0.360,"DET"
"WR","Aaron Dobson",3000,"ARI@DET 01:00PM ET",0,"ARI"
"WR","TJ Jones",3000,"ARI@DET 01:00PM ET",3.575,"DET"
"RB","Elijhaa Penny",3000,"ARI@DET 01:00PM ET",0,"ARI"
"WR","Brittan Golden",3000,"ARI@DET 01:00PM ET",1.767,"ARI"
"RB","Tion Green",3000,"ARI@DET 01:00PM ET",0,"DET"
"WR","Michael Rector",3000,"ARI@DET 01:00PM ET",0,"DET"
"WR","Dontez Ford",3000,"ARI@DET 01:00PM ET",0,"DET"
"WR","Carlton Agudosi",3000,"ARI@DET 01:00PM ET",0,"ARI"
"WR","Chris Hubert",3000,"ARI@DET 01:00PM ET",0,"ARI"
"RB","T.J. Logan",3000,"ARI@DET 01:00PM ET",0,"ARI"
"WR","Noel Thomas",3000,"ARI@DET 01:00PM ET",0,"DET"
"WR","Jace Billingsley",3000,"ARI@DET 01:00PM ET",0,"DET"
"WR","Chad Williams",3000,"ARI@DET 01:00PM ET",0,"ARI"
"RB","James Summers",3000,"ARI@DET 01:00PM ET",0,"ARI"
"WR","Krishawn Hogan",3000,"ARI@DET 01:00PM ET",0,"ARI"
"WR","Dez Stewart",3000,"ARI@DET 01:00PM ET",0,"DET"
"WR","Arrelious Benn",3000,"JAX@HOU 01:00PM ET",1.507,"JAX"
"RB","Jordan Todman",3000,"JAX@HOU 01:00PM ET",0.744,"HOU"
"RB","Tommy Bohanon",3000,"JAX@HOU 01:00PM ET",0,"JAX"
"RB","Tyler Gaffney",3000,"JAX@HOU 01:00PM ET",0,"JAX"
"WR","Devin Street",3000,"JAX@HOU 01:00PM ET",0.500,"HOU"
"RB","Jay Prosch",3000,"JAX@HOU 01:00PM ET",0.153,"HOU"
"WR","Dres Anderson",3000,"JAX@HOU 01:00PM ET",0,"HOU"
"WR","Larry Pinkard",3000,"JAX@HOU 01:00PM ET",0,"JAX"
"RB","Corey Grant",3000,"JAX@HOU 01:00PM ET",3.536,"JAX"
"WR","DeAndrew White",3000,"JAX@HOU 01:00PM ET",0,"HOU"
"RB","Tyler Ervin",3000,"JAX@HOU 01:00PM ET",0.221,"HOU"
"WR","Jamal Robinson",3000,"JAX@HOU 01:00PM ET",0,"JAX"
"WR","Rashad Greene Sr.",3000,"JAX@HOU 01:00PM ET",0.900,"JAX"
"WR","Marcus Leak",3000,"JAX@HOU 01:00PM ET",0,"HOU"
"RB","Akeem Hunt",3000,"JAX@HOU 01:00PM ET",2.030,"HOU"
"WR","Shane Wynn",3000,"JAX@HOU 01:00PM ET",0.680,"JAX"
"WR","Kenneth Walker III",3000,"JAX@HOU 01:00PM ET",0,"JAX"
"WR","Justin Hardee",3000,"JAX@HOU 01:00PM ET",0,"HOU"
"RB","I'Tavius Mathers",3000,"JAX@HOU 01:00PM ET",0,"JAX"
"WR","Amba Etta-Tawo",3000,"JAX@HOU 01:00PM ET",0,"JAX"
"WR","Riley McCarron",3000,"JAX@HOU 01:00PM ET",0,"HOU"
"RB","Dare Ogunbowale",3000,"JAX@HOU 01:00PM ET",0,"HOU"
"WR","Chris Thompson",3000,"JAX@HOU 01:00PM ET",0,"HOU"
"RB","Marquez Williams",3000,"JAX@HOU 01:00PM ET",0,"JAX"
"WR","Keelan Cole",3000,"JAX@HOU 01:00PM ET",0,"JAX"
"WR","Dede Westbrook",3000,"JAX@HOU 01:00PM ET",0,"JAX"
"RB","Tim Cook",3000,"JAX@HOU 01:00PM ET",0,"JAX"
"WR","Wendall Williams",3000,"JAX@HOU 01:00PM ET",3.833,"HOU"
"RB","DuJuan Harris",3000,"JAX@HOU 01:00PM ET",3.730,"JAX"
"RB","Jonathan Grimes",3000,"JAX@HOU 01:00PM ET",3.775,"JAX"
"WR","Bruce Ellington",3000,"JAX@HOU 01:00PM ET",0,"HOU"
"WR","Germone Hopper",3000,"JAX@HOU 01:00PM ET",0,"HOU"
"WR","Vincent Jackson",3000,"TB@MIA 01:00PM ET",6.460,"TB"
"RB","Austin Johnson",3000,"TB@MIA 01:00PM ET",0.000,"TB"
"WR","Mitch Mathews",3000,"TB@MIA 01:00PM ET",0,"MIA"
"RB","Storm Johnson",3000,"TB@MIA 01:00PM ET",0,"MIA"
"RB","Senorise Perry",3000,"TB@MIA 01:00PM ET",0,"MIA"
"WR","Josh Huff",3000,"TB@MIA 01:00PM ET",4.080,"TB"
"RB","Blake Sims",3000,"TB@MIA 01:00PM ET",0,"TB"
"WR","Bernard Reedy",3000,"TB@MIA 01:00PM ET",0,"TB"
"WR","Freddie Martino",3000,"TB@MIA 01:00PM ET",2.169,"TB"
"WR","Shaq Hill",3000,"TB@MIA 01:00PM ET",0,"TB"
"WR","Rashawn Scott",3000,"TB@MIA 01:00PM ET",0.000,"MIA"
"WR","Jakeem Grant",3000,"TB@MIA 01:00PM ET",0.300,"MIA"
"WR","Jordan Westerkamp",3000,"TB@MIA 01:00PM ET",0,"MIA"
"WR","Derel Walker",3000,"TB@MIA 01:00PM ET",0,"TB"
"RB","Russell Hansbrough",3000,"TB@MIA 01:00PM ET",0.000,"TB"
"WR","Malcolm Lewis",3000,"TB@MIA 01:00PM ET",0,"MIA"
"RB","Quayvon Hicks",3000,"TB@MIA 01:00PM ET",0,"TB"
"WR","Leonte Carroo",3000,"TB@MIA 01:00PM ET",0.850,"MIA"
"TE","O.J. Howard",3000,"TB@MIA 01:00PM ET",0,"TB"
"WR","Francis Owusu",3000,"TB@MIA 01:00PM ET",0,"MIA"
"RB","De'Veon Smith",3000,"TB@MIA 01:00PM ET",0,"MIA"
"WR","Bobo Wilson",3000,"TB@MIA 01:00PM ET",0,"TB"
"WR","Drew Morgan",3000,"TB@MIA 01:00PM ET",0,"MIA"
"RB","Peyton Barber",3000,"TB@MIA 01:00PM ET",2.407,"TB"
"WR","Damore'ea Stringfellow",3000,"TB@MIA 01:00PM ET",0,"MIA"
"WR","Chris Godwin",3000,"TB@MIA 01:00PM ET",0,"TB"
"WR","Isaiah Ford",3000,"TB@MIA 01:00PM ET",0,"MIA"
"WR","Donteea Dye",3000,"TB@MIA 01:00PM ET",0.000,"TB"
"WR","Rashad Lawrence",3000,"TB@MIA 01:00PM ET",0,"MIA"
"WR","Trey Griffey",3000,"TB@MIA 01:00PM ET",0,"MIA"
"WR","Harry Douglas",3000,"OAK@TEN 01:00PM ET",3.273,"TEN"
"WR","Eric Weems",3000,"OAK@TEN 01:00PM ET",0.000,"TEN"
"RB","Jalston Fowler",3000,"OAK@TEN 01:00PM ET",0.169,"TEN"
"WR","Jonathan Krause",3000,"OAK@TEN 01:00PM ET",0,"TEN"
"RB","David Fluellen",3000,"OAK@TEN 01:00PM ET",0,"TEN"
"RB","Jamize Olawale",3000,"OAK@TEN 01:00PM ET",3.412,"OAK"
"WR","Tre McBride",3000,"OAK@TEN 01:00PM ET",0.000,"TEN"
"WR","K.J. Brent",3000,"OAK@TEN 01:00PM ET",0,"OAK"
"WR","Darius Jennings",3000,"OAK@TEN 01:00PM ET",0,"TEN"
"RB","George Atkinson III",3000,"OAK@TEN 01:00PM ET",0.588,"OAK"
"WR","KeVonn Mabon",3000,"OAK@TEN 01:00PM ET",0,"TEN"
"WR","Cordarrelle Patterson",3000,"OAK@TEN 01:00PM ET",7.475,"OAK"
"RB","Brandon Radcliff",3000,"OAK@TEN 01:00PM ET",0,"TEN"
"WR","Keon Hatcher",3000,"OAK@TEN 01:00PM ET",0,"OAK"
"WR","Mekale McKay",3000,"OAK@TEN 01:00PM ET",0,"TEN"
"RB","Joe Bacci",3000,"OAK@TEN 01:00PM ET",0,"TEN"
"WR","Jaydon Mickens",3000,"OAK@TEN 01:00PM ET",0,"OAK"
"RB","John Crockett",3000,"OAK@TEN 01:00PM ET",0,"OAK"
"RB","Khalfani Muhammad",3000,"OAK@TEN 01:00PM ET",0,"TEN"
"WR","Johnny Holton",3000,"OAK@TEN 01:00PM ET",0.544,"OAK"
"WR","Giovanni Pascascio",3000,"OAK@TEN 01:00PM ET",0,"TEN"
"RB","Akeem Judd",3000,"OAK@TEN 01:00PM ET",0,"TEN"
"WR","Ishmael Zamora",3000,"OAK@TEN 01:00PM ET",0,"OAK"
"WR","Isaac Whitney",3000,"OAK@TEN 01:00PM ET",0,"OAK"
"DST","Redskins ",3000,"PHI@WAS 01:00PM ET",5.938,"WAS"
"TE","Vernon Davis",3000,"PHI@WAS 01:00PM ET",7.144,"WAS"
"RB","Mack Brown",3000,"PHI@WAS 01:00PM ET",1.667,"WAS"
"WR","Matt Hazel",3000,"PHI@WAS 01:00PM ET",0,"WAS"
"RB","Kenny Hilliard",3000,"PHI@WAS 01:00PM ET",0,"WAS"
"WR","Paul Turner",3000,"PHI@WAS 01:00PM ET",5.400,"PHI"
"WR","Kendal Thompson",3000,"PHI@WAS 01:00PM ET",0,"WAS"
"WR","David Watford",3000,"PHI@WAS 01:00PM ET",0,"PHI"
"WR","Maurice Harris",3000,"PHI@WAS 01:00PM ET",1.460,"WAS"
"WR","Levern Jacobs",3000,"PHI@WAS 01:00PM ET",0,"WAS"
"WR","Zach Pascal",3000,"PHI@WAS 01:00PM ET",0,"WAS"
"RB","Byron Marshall",3000,"PHI@WAS 01:00PM ET",3.467,"PHI"
"WR","Bryce Treggs",3000,"PHI@WAS 01:00PM ET",1.300,"PHI"
"WR","Marcus Johnson",3000,"PHI@WAS 01:00PM ET",0,"PHI"
"RB","Matt Jones",3000,"PHI@WAS 01:00PM ET",9.256,"WAS"
"WR","Mack Hollins",3000,"PHI@WAS 01:00PM ET",0,"PHI"
"WR","Shelton Gibson",3000,"PHI@WAS 01:00PM ET",0,"PHI"
"WR","Greg Ward Jr.",3000,"PHI@WAS 01:00PM ET",0,"PHI"
"WR","James Quick",3000,"PHI@WAS 01:00PM ET",0,"WAS"
"RB","Corey Clement",3000,"PHI@WAS 01:00PM ET",0,"PHI"
"WR","Robert Davis",3000,"PHI@WAS 01:00PM ET",0,"WAS"
"WR","Rashard Davis",3000,"PHI@WAS 01:00PM ET",0,"PHI"
"WR","Jamari Staples",3000,"PHI@WAS 01:00PM ET",0,"WAS"
"RB","Lance Dunbar",3000,"IND@LAR 04:05PM ET",2.664,"LAR"
"RB","Christine Michael",3000,"IND@LAR 04:05PM ET",8.228,"IND"
"RB","Aaron Green",3000,"IND@LAR 04:05PM ET",0.000,"LAR"
"WR","Quan Bray",3000,"IND@LAR 04:05PM ET",1.217,"IND"
"WR","Chris Briggs",3000,"IND@LAR 04:05PM ET",0,"IND"
"RB","Josh Ferguson",3000,"IND@LAR 04:05PM ET",2.225,"IND"
"WR","Nelson Spruce",3000,"IND@LAR 04:05PM ET",0,"LAR"
"RB","Dalton Crossan",3000,"IND@LAR 04:05PM ET",0,"IND"
"WR","Fred Brown",3000,"IND@LAR 04:05PM ET",0,"IND"
"WR","Tevaun Smith",3000,"IND@LAR 04:05PM ET",0.000,"IND"
"WR","Paul McRoberts",3000,"IND@LAR 04:05PM ET",0.800,"LAR"
"WR","Brandon Shippen",3000,"IND@LAR 04:05PM ET",0,"LAR"
"WR","JoJo Natson Jr.",3000,"IND@LAR 04:05PM ET",0,"IND"
"RB","Lenard Tillery",3000,"IND@LAR 04:05PM ET",0,"LAR"
"RB","Troymaine Pope",3000,"IND@LAR 04:05PM ET",1.475,"IND"
"WR","Chester Rogers",3000,"IND@LAR 04:05PM ET",3.307,"IND"
"RB","Justin Davis",3000,"IND@LAR 04:05PM ET",0,"LAR"
"WR","Bug Howard",3000,"IND@LAR 04:05PM ET",0,"IND"
"RB","Sam Rogers",3000,"IND@LAR 04:05PM ET",0,"LAR"
"RB","De'Mard Llorens",3000,"IND@LAR 04:05PM ET",0,"IND"
"WR","Shakeir Ryan",3000,"IND@LAR 04:05PM ET",0,"LAR"
"WR","Josh Reynolds",3000,"IND@LAR 04:05PM ET",0,"LAR"
"WR","Mike Thomas",3000,"IND@LAR 04:05PM ET",0.380,"LAR"
"WR","Harvey Binford",3000,"IND@LAR 04:05PM ET",0,"IND"
"WR","K.D. Cannon",3000,"IND@LAR 04:05PM ET",0,"LAR"
"WR","Valdez Showers",3000,"IND@LAR 04:05PM ET",0,"IND"
"RB","Daryl Richardson",3000,"IND@LAR 04:05PM ET",0.233,"IND"
"WR","Marvin Bracy",3000,"IND@LAR 04:05PM ET",0,"IND"
"WR","Brian Riley",3000,"IND@LAR 04:05PM ET",0,"IND"
"WR","Justice Liggins",3000,"IND@LAR 04:05PM ET",0,"IND"
"RB","Marcel Reece",3000,"SEA@GB 04:25PM ET",2.967,"SEA"
"WR","Jamel Johnson",3000,"SEA@GB 04:25PM ET",0,"SEA"
"RB","Tre Madden",3000,"SEA@GB 04:25PM ET",0,"SEA"
"WR","Tanner McEvoy",3000,"SEA@GB 04:25PM ET",2.295,"SEA"
"RB","Aaron Ripkowski",3000,"SEA@GB 04:25PM ET",3.426,"GB"
"RB","Joe Kerridge",3000,"SEA@GB 04:25PM ET",0.000,"GB"
"WR","Kasen Williams",3000,"SEA@GB 04:25PM ET",0.000,"SEA"
"RB","J.D. McKissic",3000,"SEA@GB 04:25PM ET",1.867,"SEA"
"WR","Trevor Davis",3000,"SEA@GB 04:25PM ET",0.800,"GB"
"WR","Kenny Lawler Jr.",3000,"SEA@GB 04:25PM ET",0,"SEA"
"WR","Darreus Rogers",3000,"SEA@GB 04:25PM ET",0,"SEA"
"WR","Max McCaffrey",3000,"SEA@GB 04:25PM ET",0,"GB"
"RB","Mike Davis",3000,"SEA@GB 04:25PM ET",1.938,"SEA"
"WR","Amara Darboh",3000,"SEA@GB 04:25PM ET",0,"SEA"
"WR","Montay Crockett",3000,"SEA@GB 04:25PM ET",0,"GB"
"RB","Alex Collins",3000,"SEA@GB 04:25PM ET",3.492,"SEA"
"RB","William Stanback",3000,"SEA@GB 04:25PM ET",0,"GB"
"WR","DeAngelo Yancey",3000,"SEA@GB 04:25PM ET",0,"GB"
"WR","Colby Pearson",3000,"SEA@GB 04:25PM ET",0,"GB"
"RB","Kalif Phillips",3000,"SEA@GB 04:25PM ET",0,"GB"
"WR","Geronimo Allison",3000,"SEA@GB 04:25PM ET",4.285,"GB"
"WR","Malachi Dupre",3000,"SEA@GB 04:25PM ET",0,"GB"
"RB","Chris Carson",3000,"SEA@GB 04:25PM ET",0,"SEA"
"WR","Michael Clark",3000,"SEA@GB 04:25PM ET",0,"GB"
"WR","Cyril Grayson",3000,"SEA@GB 04:25PM ET",0,"SEA"
"WR","David Moore",3000,"SEA@GB 04:25PM ET",0,"SEA"
"WR","Rodney Smith",3000,"SEA@GB 04:25PM ET",0,"SEA"
"RB","Darrel Young",3000,"CAR@SF 04:25PM ET",0,"CAR"
"WR","Louis Murphy",3000,"CAR@SF 04:25PM ET",0,"SF"
"WR","Brenton Bersin",3000,"CAR@SF 04:25PM ET",0.370,"CAR"
"WR","Trevor Graham",3000,"CAR@SF 04:25PM ET",0,"CAR"
"RB","Kyle Juszczyk",3000,"CAR@SF 04:25PM ET",4.613,"SF"
"RB","Kapri Bibbs",3000,"CAR@SF 04:25PM ET",2.367,"SF"
"WR","Damiere Byrd",3000,"CAR@SF 04:25PM ET",2.600,"CAR"
"RB","Raheem Mostert",3000,"CAR@SF 04:25PM ET",0.200,"SF"
"WR","Keyarris Garrett",3000,"CAR@SF 04:25PM ET",0,"CAR"
"RB","Jalen Simmons",3000,"CAR@SF 04:25PM ET",0,"CAR"
"WR","DeAndre Carter",3000,"CAR@SF 04:25PM ET",0,"SF"
"WR","Mose Frazier",3000,"CAR@SF 04:25PM ET",0,"CAR"
"WR","Aaron Burbridge",3000,"CAR@SF 04:25PM ET",0.925,"SF"
"RB","Cameron Artis-Payne",3000,"CAR@SF 04:25PM ET",9.500,"CAR"
"WR","Trent Taylor",3000,"CAR@SF 04:25PM ET",0,"SF"
"RB","Tyler McCloskey",3000,"CAR@SF 04:25PM ET",0,"SF"
"WR","Fred Ross Jr.",3000,"CAR@SF 04:25PM ET",0,"CAR"
"WR","DeAndre Smelter",3000,"CAR@SF 04:25PM ET",1.650,"SF"
"WR","Austin Duke",3000,"CAR@SF 04:25PM ET",0,"CAR"
"WR","Victor Bolden Jr.",3000,"CAR@SF 04:25PM ET",0,"SF"
"RB","Matt Breida",3000,"CAR@SF 04:25PM ET",0,"SF"
"WR","Kendrick Bourne",3000,"CAR@SF 04:25PM ET",0,"SF"
"WR","Tim Patrick",3000,"CAR@SF 04:25PM ET",0,"SF"
"RB","Alex Armah",3000,"CAR@SF 04:25PM ET",0,"CAR"
"RB","Rashad Jennings",3000,"NYG@DAL 08:30PM ET",10.193,"NYG"
"RB","Shaun Draughn",3000,"NYG@DAL 08:30PM ET",6.869,"NYG"
"WR","Dwayne Harris",3000,"NYG@DAL 08:30PM ET",0.429,"NYG"
"WR","Brice Butler",3000,"NYG@DAL 08:30PM ET",3.288,"DAL"
"WR","Kevin Norwood",3000,"NYG@DAL 08:30PM ET",0,"NYG"
"WR","Uzoma Nwachukwu",3000,"NYG@DAL 08:30PM ET",0,"DAL"
"RB","Ronnie Hillman",3000,"NYG@DAL 08:30PM ET",3.675,"DAL"
"WR","Javontee Herndon",3000,"NYG@DAL 08:30PM ET",0,"DAL"
"RB","Keith Smith",3000,"NYG@DAL 08:30PM ET",0.324,"DAL"
"RB","Jacob Huesman",3000,"NYG@DAL 08:30PM ET",0,"NYG"
"WR","Darius Powe",3000,"NYG@DAL 08:30PM ET",0,"NYG"
"WR","Marquis Bundy",3000,"NYG@DAL 08:30PM ET",0,"NYG"
"RB","Shane Smith",3000,"NYG@DAL 08:30PM ET",0,"NYG"
"WR","Canaan Severin",3000,"NYG@DAL 08:30PM ET",0,"NYG"
"WR","Andy Jones",3000,"NYG@DAL 08:30PM ET",0,"DAL"
"WR","Ryan Switzer",3000,"NYG@DAL 08:30PM ET",0,"DAL"
"WR","Jerome Lane",3000,"NYG@DAL 08:30PM ET",0,"NYG"
"WR","Keeon Johnson",3000,"NYG@DAL 08:30PM ET",0,"NYG"
"WR","Lance Lenoir",3000,"NYG@DAL 08:30PM ET",0,"DAL"
"WR","Karel Hamilton",3000,"NYG@DAL 08:30PM ET",0,"DAL"
"RB","Khalid Abdullah",3000,"NYG@DAL 08:30PM ET",0,"NYG"
"WR","Brian Brown",3000,"NYG@DAL 08:30PM ET",0,"DAL"
"WR","Travis Rudolph",3000,"NYG@DAL 08:30PM ET",0,"NYG"
"WR","Noah Brown",3000,"NYG@DAL 08:30PM ET",0,"DAL"
"WR","C.J. Germany",3000,"NYG@DAL 08:30PM ET",0,"NYG"
"WR","Kevin Snead",3000,"NYG@DAL 08:30PM ET",0,"NYG"
"WR","Ed Eagan",3000,"NYG@DAL 08:30PM ET",0,"NYG"
"RB","Terrell Newby",3000,"NO@MIN 07:10PM ET",0,"MIN"
"RB","C.J. Ham",3000,"NO@MIN 07:10PM ET",0,"MIN"
"RB","Bronson Hill",3000,"NO@MIN 07:10PM ET",0.367,"MIN"
"WR","Jarius Wright",3000,"NO@MIN 07:10PM ET",2.963,"MIN"
"WR","Michael Floyd",3000,"NO@MIN 07:10PM ET",7.544,"MIN"
"WR","Moritz Bohringer",3000,"NO@MIN 07:10PM ET",0,"MIN"
"WR","Rodney Adams",3000,"NO@MIN 07:10PM ET",0,"MIN"
"WR","R.J. Shelton",3000,"NO@MIN 07:10PM ET",0,"MIN"
"WR","Stacy Coley",3000,"NO@MIN 07:10PM ET",0,"MIN"
"WR","Isaac Fruechte",3000,"NO@MIN 07:10PM ET",0.000,"MIN"
"WR","Cayleb Jones",3000,"NO@MIN 07:10PM ET",0,"MIN"
"RB","Zach Line",3000,"NO@MIN 07:10PM ET",0.100,"NO"
"RB","Daniel Lasco II",3000,"NO@MIN 07:10PM ET",0.900,"NO"
"RB","Travaris Cadet",3000,"NO@MIN 07:10PM ET",6.267,"NO"
"RB","John Kuhn",3000,"NO@MIN 07:10PM ET",3.544,"NO"
"RB","Trey Edmunds",3000,"NO@MIN 07:10PM ET",0,"NO"
"RB","Darius Victor",3000,"NO@MIN 07:10PM ET",0,"NO"
"WR","Jake Lampman",3000,"NO@MIN 07:10PM ET",0.000,"NO"
"WR","De'Quan Hampton",3000,"NO@MIN 07:10PM ET",0,"NO"
"WR","Dan Arnold",3000,"NO@MIN 07:10PM ET",0,"NO"
"WR","Travin Dural",3000,"NO@MIN 07:10PM ET",0,"NO"
"WR","Tommylee Lewis",3000,"NO@MIN 07:10PM ET",1.308,"NO"
"WR","Corey Fuller",3000,"NO@MIN 07:10PM ET",0,"NO"
"RB","Stanley Williams",3000,"LAC@DEN 10:20PM ET",0,"DEN"
"RB","Andy Janovich",3000,"LAC@DEN 10:20PM ET",1.700,"DEN"
"RB","Juwan Thompson",3000,"LAC@DEN 10:20PM ET",1.075,"DEN"
"RB","Stevan Ridley",3000,"LAC@DEN 10:20PM ET",0.700,"DEN"
"WR","Jordan Taylor",3000,"LAC@DEN 10:20PM ET",2.994,"DEN"
"WR","Bennie Fowler",3000,"LAC@DEN 10:20PM ET",2.885,"DEN"
"WR","Marlon Brown",3000,"LAC@DEN 10:20PM ET",0,"DEN"
"WR","Hunter Sharp",3000,"LAC@DEN 10:20PM ET",0,"DEN"
"WR","Isaiah McKenzie",3000,"LAC@DEN 10:20PM ET",0,"DEN"
"WR","Cody Latimer",3000,"LAC@DEN 10:20PM ET",1.300,"DEN"
"WR","Anthony Nash",3000,"LAC@DEN 10:20PM ET",0,"DEN"
"WR","Carlos Henderson",3000,"LAC@DEN 10:20PM ET",0,"DEN"
"WR","Kalif Raymond",3000,"LAC@DEN 10:20PM ET",-0.250,"DEN"
"RB","Kenneth Farrow",3000,"LAC@DEN 10:20PM ET",2.938,"LAC"
"RB","Austin Ekeler",3000,"LAC@DEN 10:20PM ET",0,"LAC"
"RB","Derek Watt",3000,"LAC@DEN 10:20PM ET",0.794,"LAC"
"RB","Andre Williams",3000,"LAC@DEN 10:20PM ET",8.700,"LAC"
"RB","Kenjon Barner",3000,"LAC@DEN 10:20PM ET",2.623,"LAC"
"WR","Da'Ron Brown",3000,"LAC@DEN 10:20PM ET",0,"LAC"
"WR","Geremy Davis",3000,"LAC@DEN 10:20PM ET",0.000,"LAC"
"WR","Isaiah Burse",3000,"LAC@DEN 10:20PM ET",0.000,"LAC"
"WR","Jamaal Jones",3000,"LAC@DEN 10:20PM ET",0,"LAC"
"WR","Artavis Scott",3000,"LAC@DEN 10:20PM ET",0,"LAC"
"WR","Andre Patton",3000,"LAC@DEN 10:20PM ET",0,"LAC"
"WR","Cameron Posey",3000,"LAC@DEN 10:20PM ET",0,"LAC"
"WR","Mitchell Paige",3000,"LAC@DEN 10:20PM ET",0,"LAC"
"TE","Antonio Gates",3000,"LAC@DEN 10:20PM ET",10.629,"LAC"
"DST","Chargers ",3000,"LAC@DEN 10:20PM ET",7.500,"LAC"
"TE","Julius Thomas",2900,"TB@MIA 01:00PM ET",9.122,"MIA"
"DST","Seahawks ",2900,"SEA@GB 04:25PM ET",7.278,"SEA"
"DST","Cowboys ",2900,"NYG@DAL 08:30PM ET",5.588,"DAL"
"TE","Evan Engram",2900,"NYG@DAL 08:30PM ET",0,"NYG"
"DST","Vikings ",2900,"NO@MIN 07:10PM ET",9.875,"MIN"
"TE","Coby Fleener",2900,"NO@MIN 07:10PM ET",8.769,"NO"
"TE","Zach Miller",2800,"ATL@CHI 01:00PM ET",11.960,"CHI"
"DST","Ravens ",2800,"BAL@CIN 01:00PM ET",7.875,"BAL"
"TE","Benjamin Watson",2800,"BAL@CIN 01:00PM ET",0,"BAL"
"TE","Vance McDonald",2800,"PIT@CLE 01:00PM ET",7.918,"PIT"
"DST","Cardinals ",2800,"ARI@DET 01:00PM ET",9.188,"ARI"
"DST","Dolphins ",2800,"TB@MIA 01:00PM ET",7.294,"MIA"
"TE","Dwayne Allen",2700,"KC@NE 08:30PM ET",8.114,"NE"
"TE","Austin Seferian-Jenkins",2700,"NYJ@BUF 01:00PM ET",3.822,"NYJ"
"TE","David Njoku",2700,"PIT@CLE 01:00PM ET",0,"CLE"
"TE","Jermaine Gresham",2700,"ARI@DET 01:00PM ET",5.506,"ARI"
"TE","Ryan Griffin",2700,"JAX@HOU 01:00PM ET",6.172,"HOU"
"DST","Eagles ",2700,"PHI@WAS 01:00PM ET",8.938,"PHI"
"DST","Colts ",2700,"IND@LAR 04:05PM ET",5.563,"IND"
"TE","Erik Swoope",2700,"IND@LAR 04:05PM ET",3.169,"IND"
"TE","Richard Rodgers",2700,"SEA@GB 04:25PM ET",4.184,"GB"
"TE","Virgil Green",2700,"LAC@DEN 10:20PM ET",4.308,"DEN"
"TE","Maxx Williams",2600,"BAL@CIN 01:00PM ET",0.000,"BAL"
"DST","Lions ",2600,"ARI@DET 01:00PM ET",5.235,"DET"
"DST","Titans ",2600,"OAK@TEN 01:00PM ET",5.938,"TEN"
"TE","Tyler Higbee",2600,"IND@LAR 04:05PM ET",1.594,"LAR"
"TE","Garrett Celek",2600,"CAR@SF 04:25PM ET",5.063,"SF"
"DST","Giants ",2600,"NYG@DAL 08:30PM ET",8.471,"NYG"
"TE","Will Tye",2600,"NYG@DAL 08:30PM ET",6.124,"NYG"
"TE","A.J. Derby",2600,"LAC@DEN 10:20PM ET",3.100,"DEN"
"TE","Jake Butt",2600,"LAC@DEN 10:20PM ET",0,"DEN"
"TE","Ross Travis",2500,"KC@NE 08:30PM ET",0.750,"KC"
"TE","Demetrius Harris",2500,"KC@NE 08:30PM ET",2.194,"KC"
"TE","Orson Charles",2500,"KC@NE 08:30PM ET",0.000,"KC"
"TE","Gavin Escobar",2500,"KC@NE 08:30PM ET",0.765,"KC"
"TE","James Winchester",2500,"KC@NE 08:30PM ET",0.000,"KC"
"TE","James O'Shaughnessy",2500,"KC@NE 08:30PM ET",0.112,"NE"
"TE","Jacob Hollister",2500,"KC@NE 08:30PM ET",0,"NE"
"TE","Sam Cotton",2500,"KC@NE 08:30PM ET",0,"NE"
"TE","Chris Gragg",2500,"NYJ@BUF 01:00PM ET",0,"NYJ"
"TE","Logan Thomas",2500,"NYJ@BUF 01:00PM ET",0,"BUF"
"TE","Eric Tomlinson",2500,"NYJ@BUF 01:00PM ET",0.000,"NYJ"
"TE","Nick O'Leary",2500,"NYJ@BUF 01:00PM ET",1.400,"BUF"
"TE","Wes Saxton",2500,"NYJ@BUF 01:00PM ET",0,"BUF"
"TE","Jason Croom",2500,"NYJ@BUF 01:00PM ET",0,"BUF"
"TE","Jordan Leggett",2500,"NYJ@BUF 01:00PM ET",0,"NYJ"
"TE","Brandon Barnes",2500,"NYJ@BUF 01:00PM ET",0,"NYJ"
"TE","Jason Vander Laan",2500,"NYJ@BUF 01:00PM ET",0,"NYJ"
"TE","Busta Anderson",2500,"NYJ@BUF 01:00PM ET",0,"BUF"
"TE","Jacob Tamme",2500,"ATL@CHI 01:00PM ET",7.625,"ATL"
"TE","Patrick Scales",2500,"ATL@CHI 01:00PM ET",0.000,"CHI"
"TE","Levine Toilolo",2500,"ATL@CHI 01:00PM ET",3.194,"ATL"
"TE","Dion Sims",2500,"ATL@CHI 01:00PM ET",5.600,"CHI"
"TE","Alex Gray",2500,"ATL@CHI 01:00PM ET",0,"ATL"
"TE","MyCole Pruitt",2500,"ATL@CHI 01:00PM ET",0.825,"CHI"
"TE","Daniel Brown",2500,"ATL@CHI 01:00PM ET",4.300,"CHI"
"TE","Joshua Perkins",2500,"ATL@CHI 01:00PM ET",1.320,"ATL"
"TE","Darion Griswold",2500,"ATL@CHI 01:00PM ET",0,"ATL"
"TE","Ben Braunecker",2500,"ATL@CHI 01:00PM ET",0.623,"CHI"
"TE","Eric Saubert",2500,"ATL@CHI 01:00PM ET",0,"ATL"
"TE","Adam Shaheen",2500,"ATL@CHI 01:00PM ET",0,"CHI"
"TE","Clark Harris",2500,"BAL@CIN 01:00PM ET",0.000,"CIN"
"TE","Larry Donnell",2500,"BAL@CIN 01:00PM ET",1.947,"BAL"
"TE","Ryan Hewitt",2500,"BAL@CIN 01:00PM ET",0.206,"CIN"
"TE","Tyler Kroft",2500,"BAL@CIN 01:00PM ET",1.371,"CIN"
"TE","C.J. Uzomah",2500,"BAL@CIN 01:00PM ET",5.440,"CIN"
"TE","Ryan Malleck",2500,"BAL@CIN 01:00PM ET",0,"BAL"
"TE","Nick Boyle",2500,"BAL@CIN 01:00PM ET",1.733,"BAL"
"TE","Mason Schreck",2500,"BAL@CIN 01:00PM ET",0,"CIN"
"TE","Cethan Carter",2500,"BAL@CIN 01:00PM ET",0,"CIN"
"TE","Gary Barnidge",2500,"PIT@CLE 01:00PM ET",8.138,"CLE"
"TE","David Johnson",2500,"PIT@CLE 01:00PM ET",0.953,"PIT"
"TE","Ladarius Green",2500,"PIT@CLE 01:00PM ET",9.567,"PIT"
"TE","Xavier Grimble",2500,"PIT@CLE 01:00PM ET",2.175,"PIT"
"TE","Randall Telfer",2500,"PIT@CLE 01:00PM ET",0.171,"CLE"
"TE","Jake McGee",2500,"PIT@CLE 01:00PM ET",0,"PIT"
"TE","Seth DeValve",2500,"PIT@CLE 01:00PM ET",2.892,"CLE"
"TE","Taylor McNamara",2500,"PIT@CLE 01:00PM ET",0,"CLE"
"TE","Nate Iese",2500,"PIT@CLE 01:00PM ET",0,"CLE"
"TE","J.P. Holtz",2500,"PIT@CLE 01:00PM ET",0,"CLE"
"TE","Phazahn Odom",2500,"PIT@CLE 01:00PM ET",0,"PIT"
"TE","Darren Fells",2500,"ARI@DET 01:00PM ET",2.529,"DET"
"TE","Ifeanyi Momah",2500,"ARI@DET 01:00PM ET",1.400,"ARI"
"TE","Gerald Christian",2500,"ARI@DET 01:00PM ET",0.800,"ARI"
"TE","Troy Niklas",2500,"ARI@DET 01:00PM ET",0.333,"ARI"
"TE","Robert Tonyan",2500,"ARI@DET 01:00PM ET",0,"DET"
"TE","Hakeem Valles",2500,"ARI@DET 01:00PM ET",0.000,"ARI"
"TE","Cole Wick",2500,"ARI@DET 01:00PM ET",0.633,"DET"
"TE","Ricky Seals-Jones",2500,"ARI@DET 01:00PM ET",0,"ARI"
"TE","Michael Roberts",2500,"ARI@DET 01:00PM ET",0,"DET"
"TE","Khari Lee",2500,"ARI@DET 01:00PM ET",0.000,"DET"
"TE","Scott Orndoff",2500,"ARI@DET 01:00PM ET",0,"DET"
"TE","Marcedes Lewis",2500,"JAX@HOU 01:00PM ET",4.290,"JAX"
"TE","Mychal Rivera",2500,"JAX@HOU 01:00PM ET",3.593,"JAX"
"TE","Neal Sterling",2500,"JAX@HOU 01:00PM ET",2.300,"JAX"
"TE","RaShaun Allen",2500,"JAX@HOU 01:00PM ET",0,"HOU"
"TE","Alex Ellis",2500,"JAX@HOU 01:00PM ET",0.683,"JAX"
"TE","Stephen Anderson",2500,"JAX@HOU 01:00PM ET",1.753,"HOU"
"TE","Ben Koyack",2500,"JAX@HOU 01:00PM ET",2.936,"JAX"
"TE","Evan Baylis",2500,"JAX@HOU 01:00PM ET",0,"HOU"
"TE","Caleb Bluiett",2500,"JAX@HOU 01:00PM ET",0,"JAX"
"TE","David Grinnage",2500,"JAX@HOU 01:00PM ET",0,"JAX"
"TE","Anthony Fasano",2500,"TB@MIA 01:00PM ET",1.769,"MIA"
"TE","Luke Stocker",2500,"TB@MIA 01:00PM ET",0.562,"TB"
"TE","Chris Pantale",2500,"TB@MIA 01:00PM ET",0,"MIA"
"TE","MarQueis Gray",2500,"TB@MIA 01:00PM ET",1.847,"MIA"
"TE","Tevin Westbrook",2500,"TB@MIA 01:00PM ET",0,"TB"
"TE","Alan Cross",2500,"TB@MIA 01:00PM ET",1.129,"TB"
"TE","Thomas Duarte",2500,"TB@MIA 01:00PM ET",0.000,"MIA"
"TE","Antony Auclair",2500,"TB@MIA 01:00PM ET",0,"TB"
"TE","Andrew DePaola",2500,"TB@MIA 01:00PM ET",0.000,"TB"
"DST","Raiders ",2500,"OAK@TEN 01:00PM ET",5.647,"OAK"
"TE","Lee Smith",2500,"OAK@TEN 01:00PM ET",2.225,"OAK"
"TE","Beau Brinkley",2500,"OAK@TEN 01:00PM ET",0.000,"TEN"
"TE","Gabe Holmes",2500,"OAK@TEN 01:00PM ET",0,"OAK"
"TE","Jerome Cunningham",2500,"OAK@TEN 01:00PM ET",0,"TEN"
"TE","Cooper Helfet",2500,"OAK@TEN 01:00PM ET",0,"OAK"
"TE","Clive Walford",2500,"OAK@TEN 01:00PM ET",5.656,"OAK"
"TE","Jace Amaro",2500,"OAK@TEN 01:00PM ET",2.225,"TEN"
"TE","Tim Semisch",2500,"OAK@TEN 01:00PM ET",0,"TEN"
"TE","Phillip Supernaw",2500,"OAK@TEN 01:00PM ET",0.680,"TEN"
"TE","Ryan O'Malley",2500,"OAK@TEN 01:00PM ET",0.000,"OAK"
"TE","Pharaoh Brown",2500,"OAK@TEN 01:00PM ET",0,"OAK"
"TE","Jonnu Smith",2500,"OAK@TEN 01:00PM ET",0,"TEN"
"TE","Brent Celek",2500,"PHI@WAS 01:00PM ET",1.844,"PHI"
"TE","Niles Paul",2500,"PHI@WAS 01:00PM ET",0.588,"WAS"
"TE","Trey Burton",2500,"PHI@WAS 01:00PM ET",5.047,"PHI"
"TE","Manasseh Garner",2500,"PHI@WAS 01:00PM ET",0.000,"WAS"
"TE","Anthony Denham",2500,"PHI@WAS 01:00PM ET",0,"PHI"
"TE","Jeremy Sprinkle",2500,"PHI@WAS 01:00PM ET",0,"WAS"
"TE","E.J. Bibbs",2500,"PHI@WAS 01:00PM ET",0,"WAS"
"TE","Adam Zaruba",2500,"PHI@WAS 01:00PM ET",0,"PHI"
"TE","Billy Brown",2500,"PHI@WAS 01:00PM ET",0,"PHI"
"TE","Cory Harkey",2500,"IND@LAR 04:05PM ET",0.000,"LAR"
"TE","Brandon Williams",2500,"IND@LAR 04:05PM ET",0.311,"IND"
"TE","Temarrick Hemingway",2500,"IND@LAR 04:05PM ET",0.000,"LAR"
"TE","Henry Krieger-Coble",2500,"IND@LAR 04:05PM ET",1.150,"IND"
"TE","Travis Wilson",2500,"IND@LAR 04:05PM ET",0,"LAR"
"TE","Derek Carrier",2500,"IND@LAR 04:05PM ET",0.375,"LAR"
"TE","Johnny Mundt",2500,"IND@LAR 04:05PM ET",0,"LAR"
"TE","Darrell Daniels",2500,"IND@LAR 04:05PM ET",0,"IND"
"TE","Gerald Everett",2500,"IND@LAR 04:05PM ET",0,"LAR"
"TE","Steven Wroblewski",2500,"IND@LAR 04:05PM ET",0,"IND"
"DST","Packers ",2500,"SEA@GB 04:25PM ET",5.737,"GB"
"TE","Lance Kendricks",2500,"SEA@GB 04:25PM ET",6.931,"GB"
"TE","Luke Willson",2500,"SEA@GB 04:25PM ET",3.177,"SEA"
"TE","Tyler Ott",2500,"SEA@GB 04:25PM ET",0.000,"SEA"
"TE","Marcus Lucas",2500,"SEA@GB 04:25PM ET",0,"SEA"
"TE","Nick Vannett",2500,"SEA@GB 04:25PM ET",0.689,"SEA"
"TE","Stevie Donatell",2500,"SEA@GB 04:25PM ET",0,"SEA"
"TE","Aaron Peck",2500,"SEA@GB 04:25PM ET",0,"GB"
"TE","Tyrone Swoopes",2500,"SEA@GB 04:25PM ET",0,"SEA"
"TE","Beau Sandland",2500,"SEA@GB 04:25PM ET",0,"GB"
"TE","Emanuel Byrd",2500,"SEA@GB 04:25PM ET",0,"GB"
"TE","Ed Dickson",2500,"CAR@SF 04:25PM ET",1.838,"CAR"
"TE","Logan Paulsen",2500,"CAR@SF 04:25PM ET",0.281,"SF"
"TE","Kyle Nelson",2500,"CAR@SF 04:25PM ET",0.000,"SF"
"TE","Eric Wallace",2500,"CAR@SF 04:25PM ET",0,"CAR"
"TE","Blake Bell",2500,"CAR@SF 04:25PM ET",0.962,"SF"
"TE","Chris Manhertz",2500,"CAR@SF 04:25PM ET",0.286,"CAR"
"TE","Scott Simonson",2500,"CAR@SF 04:25PM ET",0.000,"CAR"
"TE","Bryce Williams",2500,"CAR@SF 04:25PM ET",0,"CAR"
"TE","Cole Hikutini",2500,"CAR@SF 04:25PM ET",0,"SF"
"TE","George Kittle",2500,"CAR@SF 04:25PM ET",0,"SF"
"TE","Rhett Ellison",2500,"NYG@DAL 08:30PM ET",1.387,"NYG"
"TE","James Hanna",2500,"NYG@DAL 08:30PM ET",0,"DAL"
"TE","Connor Hamlett",2500,"NYG@DAL 08:30PM ET",2.900,"DAL"
"TE","Matt LaCosse",2500,"NYG@DAL 08:30PM ET",0,"NYG"
"TE","Jerell Adams",2500,"NYG@DAL 08:30PM ET",2.631,"NYG"
"TE","Colin Thompson",2500,"NYG@DAL 08:30PM ET",0,"NYG"
"TE","Rico Gathers",2500,"NYG@DAL 08:30PM ET",0,"DAL"
"TE","Blake Jarwin",2500,"NYG@DAL 08:30PM ET",0,"DAL"
"TE","Geoff Swaim",2500,"NYG@DAL 08:30PM ET",1.433,"DAL"
"TE","M.J. McFarland",2500,"NYG@DAL 08:30PM ET",0,"DAL"
"TE","Kyle Carter",2500,"NO@MIN 07:10PM ET",0,"MIN"
"TE","David Morgan",2500,"NO@MIN 07:10PM ET",0.117,"MIN"
"TE","Josiah Price",2500,"NO@MIN 07:10PM ET",0,"MIN"
"TE","Bucky Hodges",2500,"NO@MIN 07:10PM ET",0,"MIN"
"TE","Nick Truesdell",2500,"NO@MIN 07:10PM ET",0,"MIN"
"TE","Kevin McDermott",2500,"NO@MIN 07:10PM ET",0.000,"MIN"
"TE","John Phillips",2500,"NO@MIN 07:10PM ET",1.450,"NO"
"TE","Michael Hoomanawanui",2500,"NO@MIN 07:10PM ET",0,"NO"
"TE","Josh Hill",2500,"NO@MIN 07:10PM ET",3.989,"NO"
"TE","Garrett Griffin",2500,"NO@MIN 07:10PM ET",0,"NO"
"TE","Braedon Bowman",2500,"NO@MIN 07:10PM ET",0.000,"NO"
"TE","Steven Scheu",2500,"LAC@DEN 10:20PM ET",0,"DEN"
"TE","Austin Traylor",2500,"LAC@DEN 10:20PM ET",0,"DEN"
"TE","Jeff Heuerman",2500,"LAC@DEN 10:20PM ET",1.925,"DEN"
"TE","Mike Estes",2500,"LAC@DEN 10:20PM ET",0,"LAC"
"TE","Sean Culkin",2500,"LAC@DEN 10:20PM ET",0,"LAC"
"TE","Matt Weiser",2500,"LAC@DEN 10:20PM ET",0,"LAC"
"TE","Sean McGrath",2500,"LAC@DEN 10:20PM ET",0.281,"LAC"
"TE","Jeff Cumberland",2500,"LAC@DEN 10:20PM ET",0,"LAC"
"DST","Jets ",2400,"NYJ@BUF 01:00PM ET",3.750,"NYJ"
"DST","Saints ",2400,"NO@MIN 07:10PM ET",3.438,"NO"
"DST","Chiefs ",2300,"KC@NE 08:30PM ET",10.000,"KC"
"DST","Bears ",2200,"ATL@CHI 01:00PM ET",5.313,"CHI"
"DST","49ers ",2100,"CAR@SF 04:25PM ET",4.063,"SF"
"DST","Browns ",2000,"PIT@CLE 01:00PM ET",3.125,"CLE"
